{
  "name": "Platformer 2D",
  "description": "",
  "version": "1.1",
  "classes": [
    {
      "name": "",
      "path": "res://src//Level/Clouds.gd",
      "extends_class": [
        "ParallaxLayer"
      ],
      "extends_file": "",
      "icon": "",
      "signature": "class Clouds.gd",
      "description": "",
      "sub_classes": [

      ],
      "constants": [

      ],
      "members": [

      ],
      "signals": [

      ],
      "methods": [
        {
          "name": "_ready",
          "return_type": "var",
          "rpc_mode": 0,
          "signature": "func _ready()",
          "description": " Called when the node enters the scene tree for the first time.\r\n",
          "arguments": [

          ]
        }
      ],
      "static_functions": [

      ]
    },
    {
      "name": "",
      "path": "res://src//Level/Sky.gd",
      "extends_class": [
        "ParallaxLayer"
      ],
      "extends_file": "",
      "icon": "",
      "signature": "class Sky.gd",
      "description": "",
      "sub_classes": [

      ],
      "constants": [

      ],
      "members": [
        {
          "name": "sprite",
          "data_type": "var",
          "default_value": null,
          "setter": "",
          "getter": "",
          "export": false,
          "signature": "var sprite",
          "description": " Declare member variables here. Examples:\r\n var a = 2\r\n var b = \"text\"\r\n"
        }
      ],
      "signals": [

      ],
      "methods": [
        {
          "name": "_ready",
          "return_type": "var",
          "rpc_mode": 0,
          "signature": "func _ready()",
          "description": " Called when the node enters the scene tree for the first time.\r\n",
          "arguments": [

          ]
        }
      ],
      "static_functions": [

      ]
    }
  ]
}